{
  "version": 2,
  "seed": 42,
  "feature_names": [
    "edad",
    "log_ingresos",
    "estado_civil",
    "log_deudas",
    "relacion_deuda_ingreso",
    "log_saldo",
    "reserva_meses",
    "cobertura_deuda",
    "factor_producto"
  ],
  "media": [
    38.46617126464844,
    15.321691513061523,
    0.38934773206710815,
    14.149395942687988,
    0.6713368892669678,
    13.695232391357422,
    3.5146169662475586,
    5.98261022567749,
    1.0487620830535889
  ],
  "desviacion": [
    9.729235649108887,
    0.5734187364578247,
    0.4875808358192444,
    2.428492784500122,
    0.5150977969169617,
    6.217492580413818,
    3.2646474838256836,
    5.084071636199951,
    0.12189872562885284
  ],
  "hidden_dims": [
    64,
    32,
    16
  ],
  "dropout": 0.15,
  "decision_threshold": 0.365,
  "dataset_size": 32000,
  "validation_metrics": {
    "threshold": 0.365,
    "accuracy": 0.8614294644717649,
    "precision": 0.2314814814788023,
    "recall": 0.9950248755723868,
    "specificity": 0.8555893866880044,
    "f1": 0.37558685139079107,
    "balanced_accuracy": 0.9253071311301957,
    "brier": 0.09780355202711262,
    "auc": 0.9554770730947264,
    "confusion": {
      "tp": 200,
      "fp": 664,
      "tn": 3934,
      "fn": 1
    }
  },
  "test_metrics": {
    "threshold": 0.365,
    "accuracy": 0.8694294044148272,
    "precision": 0.24242424242130395,
    "recall": 0.9900990098519753,
    "specificity": 0.8641304347807302,
    "f1": 0.389483930620093,
    "balanced_accuracy": 0.9271147223163527,
    "brier": 0.08953476818676333,
    "auc": 0.962757210503659,
    "confusion": {
      "tp": 200,
      "fp": 625,
      "tn": 3975,
      "fn": 2
    }
  },
  "product_risk_factors": {
    "Tarjeta de Credito Oro": 1.02,
    "Tarjeta Black Signature": 1.14,
    "Credito Libre Inversion": 1.1,
    "Credito Hipotecario Verde": 0.86,
    "Credito Vehicular Inteligente": 0.95,
    "Microcredito Pyme": 1.22
  }
}